Employer,Job Title,Publisher,Responsibilities,Qualifications,Max Salary,Application Page,Expiry Date
Hudson River Trading,Software Engineering Internship - Summer 2023,LinkedIn,Not Listed,Not Listed,Not Listed,https://sg.linkedin.com/jobs/view/software-engineering-internship-summer-2023-at-hudson-river-trading-3289719666,2023-06-23
Ailytics,Software Engineer Intern,InternSG,Not Listed,Not Listed,1200,https://www.internsg.com/job/software-engineer-software-engineer-intern/,2023-05-23
Caterpillar,Software Engineering Intern,Caterpillar Careers,Not Listed,Not Listed,Not Listed,https://careers.caterpillar.com/en/jobs/job/r0000186183-software-engineering-intern/,2023-04-06
Mercedes-Benz Singapore Pte. Ltd.,Intern - Software Engineer - mercedes-benz singapore pte. lt,Kinobi,Not Listed,Not Listed,Not Listed,https://app.kinobi.asia/vn/jobs/intern-software-engineer-sg-1679164214915,2023-03-31
Caterpillar Inc.,Software Engineering Intern,LinkedIn,Not Listed,Not Listed,Not Listed,https://sg.linkedin.com/jobs/view/software-engineering-intern-at-caterpillar-inc-3537526435,2023-04-22
FastJobs,Software Engineering Intern,InternSG,Not Listed,Not Listed,1200,https://www.internsg.com/job/fastjobs-software-engineering-intern-2/,2023-05-22
PhillipCapital,"Intern, Software Development",LinkedIn,Not Listed,Not Listed,Not Listed,https://sg.linkedin.com/jobs/view/intern-software-development-at-phillipcapital-3535036947,2023-04-22
Rakuten Asia Pte Ltd,Software Engineer Intern,BeBee Singapore,Not Listed,Not Listed,Not Listed,https://sg.bebee.com/job/20230320-03fab05d7bc123b758a44f7738c99782,2023-03-28
Thought Machine,Software Engineering Intern,BeBee Singapore,Not Listed,Not Listed,Not Listed,https://sg.bebee.com/job/20230318-1987ce133de918ac22ffd8c23a275725,2023-03-26
AC P. COMPUTER TRAINING & CONSULTANCY PTE LTD,Software Developer Intern,LinkedIn,Not Listed,Not Listed,Not Listed,https://sg.linkedin.com/jobs/view/software-developer-intern-at-ac-p-computer-training-consultancy-pte-ltd-3536813420,2023-04-22
DataSpark Pte Ltd,Software Engineering (Internship),Glassdoor,Not Listed,Not Listed,Not Listed,"https://www.glassdoor.sg/job-listing/software-engineering-internship-dataspark-pte-ltd-JV_KO0,31_KE32,49.htm?jl=1007520508952",2023-04-23
Rsm Singapore,Intern Software Developer,Glints,Not Listed,Not Listed,1500,https://glints.com/sg/opportunities/jobs/intern-software-developer/1b9e58af-e195-4976-aa0b-f77e5fc130dd,2023-04-06
Equinix,Software Engineer Intern,BeBee Singapore,Not Listed,Not Listed,Not Listed,https://sg.bebee.com/job/20230319-a074c6a389e5289f9b2e616dd2561be1,2023-03-27
Singtel,Systems Planning Software Engineer Intern #GeneralInternship,LinkedIn,Not Listed,Not Listed,Not Listed,https://sg.linkedin.com/jobs/view/systems-planning-software-engineer-intern-%23generalinternship-at-singtel-3439496507,2023-05-22
Mobbin,Software Engineer Intern - mobbin,Kinobi,Not Listed,Not Listed,Not Listed,https://app.kinobi.asia/jobs/software-engineer-intern-sg-1679509922167,2023-04-04
Activate Interactive Pte Ltd,Intern - Software Engineer Intern (> 5 Months Period),BeBee Singapore,Not Listed,Not Listed,Not Listed,https://sg.bebee.com/job/20230321-9f90e3275c9946bdc7ef51eda5e1db87,2023-03-29
Thales,Software Engineer Intern (Cross Project Tools),LinkedIn,Not Listed,Not Listed,Not Listed,https://sg.linkedin.com/jobs/view/software-engineer-intern-cross-project-tools-at-thales-3537668886,2023-04-22
SecureAge Technology,Software Test Engineer Internship Opportunities,Glassdoor,Not Listed,Not Listed,Not Listed,"https://www.glassdoor.sg/job-listing/software-test-engineer-internship-opportunities-secureage-JV_KO0,47_KE48,57.htm?jl=1008301408792",2023-04-23
SAP,Software Developer Intern,BeBee Singapore,Not Listed,Not Listed,Not Listed,https://sg.bebee.com/job/20230319-3b5d8b452a068080f316e3db558f66c9,2023-03-27
ROHDE & SCHWARZ GmbH & Co. KG,"Intern, Software Application Developer",Glassdoor,Not Listed,Not Listed,Not Listed,"https://www.glassdoor.sg/job-listing/intern-software-application-developer-rohde-and-schwarz-JV_KO0,37_KE38,55.htm?jl=1008297693155",2023-04-23
KABAM PTE. LTD.,Software Intern,BeBee Singapore,Not Listed,Not Listed,Not Listed,https://sg.bebee.com/job/20230323-5022264c6e37ee0f2abe0fdb48b89e6b,2023-03-31
ACP Group,Developer Intern (Mobile),LinkedIn,Not Listed,Not Listed,Not Listed,https://sg.linkedin.com/jobs/view/developer-intern-mobile-at-acp-group-3537694737,2023-04-22
Quest Hyphen Inc Pte. Ltd.,Software Engineer Intern - quest hyphen inc pte. ltd.,Kinobi,Not Listed,Not Listed,Not Listed,https://app.kinobi.asia/jobs/software-engineer-intern-sg-1678732306760,2023-03-26
Nested Technologies,Software Development Internship,BeBee Singapore,Not Listed,Not Listed,Not Listed,https://sg.bebee.com/job/20230319-5959f6c428be9f4dc2387fb65daaa125,2023-03-27
"NetVirta, Inc",Frontend Software Developer Intern,Glassdoor,Not Listed,Not Listed,Not Listed,"https://www.glassdoor.sg/job-listing/frontend-software-developer-intern-netvirta-JV_KO0,34_KE35,43.htm?jl=1008298271325",2023-04-23
NETS Solutions Pte. Ltd.,Software Developer Intern - nets solutions pte. ltd.,Kinobi,Not Listed,Not Listed,Not Listed,https://app.kinobi.asia/jobs/software-developer-intern-sg-1678991606814,2023-03-29
Raytheon Technologies,Intern - Software Engineering,FlyGoshJobs.com,Not Listed,Not Listed,Not Listed,https://flygoshjobs.com/job/Intern%20-%20Software%20Engineering/4AC8E758E939DCDD7CAF0F6BB8FB9827,2023-04-22
Yara,"Intern, Software Development",BeBee Singapore,Not Listed,Not Listed,Not Listed,https://sg.bebee.com/job/20230318-5958e0a465dc098c4119db4b58543d64,2023-03-26
Infineon Technologies,Internship - System Application Engineering,Glassdoor,Not Listed,Not Listed,Not Listed,"https://www.glassdoor.sg/job-listing/internship-system-application-engineering-infineon-technologies-JV_KO0,41_KE42,63.htm?jl=1008419058088",2023-04-23
Paul Hype Page & Co,Information Technology Intern - paul hype page & co,Kinobi,Not Listed,Not Listed,Not Listed,https://app.kinobi.asia/jobs/data-analyst-intern-sg-1679596265524,2023-04-05
TRUSTYTECH PTE LTD,Software Testing Intern,BeBee Singapore,Not Listed,Not Listed,Not Listed,https://sg.bebee.com/job/20230322-bdea5012821e447f5b2090b6c021e8b4,2023-03-30
Temasek,"Project Intern, Digital Technology (Data Engineer)",LinkedIn,Not Listed,Not Listed,Not Listed,https://sg.linkedin.com/jobs/view/project-intern-digital-technology-data-engineer-at-temasek-3408388901,2023-05-22
TikTok,Machine Learning Engineer Intern (Trust & Safety) - 2023,Glassdoor,Not Listed,Not Listed,Not Listed,"https://www.glassdoor.sg/job-listing/machine-learning-engineer-intern-trust-and-safety-2023-tiktok-JV_KO0,54_KE55,61.htm?jl=1008538859660",2023-04-22
Continental,Software System Test Intern,BeBee Singapore,Not Listed,Not Listed,Not Listed,https://sg.bebee.com/job/20230322-5a43e209803f04e5ed403af8d8291288,2023-03-30
Seagate Technology,Security Firmware Engineer Intern,Glassdoor,Not Listed,Not Listed,Not Listed,"https://www.glassdoor.sg/job-listing/security-firmware-engineer-intern-seagate-technology-JV_IC3235921_KO0,33_KE34,52.htm?jl=1008492543010",2023-04-24
Jump Trading LLC,Campus | Data Engineer (Intern),LinkedIn,Not Listed,Not Listed,Not Listed,https://sg.linkedin.com/jobs/view/campus-data-engineer-intern-at-jump-trading-llc-3500691906,2023-05-01
Revolution Singapore,Full Stack App Developer Intern,BeBee Singapore,Not Listed,Not Listed,Not Listed,https://sg.bebee.com/job/20230320-eeff24fbbf23faf3f75727504c8d6536,2023-03-28
Moovita Pte Ltd,Cyber Security Intern - moovita pte ltd,Kinobi,Not Listed,Not Listed,Not Listed,https://app.kinobi.asia/jobs/cyber-security-intern-sg-1678732312292,2023-03-26
Trinax Private Limited,Software Testing Intern,BeBee Singapore,Not Listed,Not Listed,Not Listed,https://sg.bebee.com/job/20230320-c667166ff78ac6b3f55f9e2c9b78c984,2023-03-28
Thales,DIVA System Engineer Internship,Glassdoor,Not Listed,Not Listed,Not Listed,"https://www.glassdoor.sg/job-listing/diva-system-engineer-internship-thales-JV_IC3235921_KO0,31_KE32,38.htm?jl=1008542400419",2023-04-22
Augmentus,Robotics Engineer Intern - augmentus,Kinobi,Not Listed,Not Listed,Not Listed,https://app.kinobi.asia/jobs/robotics-engineer-intern-sg-1678386721976,2023-07-31
Randstad,Digital Data Engineer Intern,BeBee Singapore,Not Listed,Not Listed,Not Listed,https://sg.bebee.com/job/20230318-5f5e2e443a47decc104bbad698652138,2023-03-26
Young Wave Business Consultancy,Full Stack Developer - young wave business consultancy,Kinobi,Not Listed,Not Listed,Not Listed,https://app.kinobi.asia/jobs/full-stack-developer-sg-1678818601691,2023-03-27
TikTok,Client Engineer Intern,BeBee Singapore,Not Listed,Not Listed,Not Listed,https://sg.bebee.com/job/20230319-7adf3fcb5b9b7af978fabdb5a357f743,2023-03-27
ASE Singapore Pte Ltd,Data Engineer Intern,BeBee Singapore,Not Listed,Not Listed,Not Listed,https://sg.bebee.com/job/20230319-dd3ad743ce129cf0ffa855f59736367d,2023-03-27
Autodesk,"Intern, Data Engineer [PSET-CPD-Delivery]",Glassdoor,Not Listed,Not Listed,Not Listed,"https://www.glassdoor.sg/job-listing/intern-data-engineer-pset-cpd-delivery-autodesk-JV_IC3235921_KO0,38_KE39,47.htm?jl=1008482020238",2023-04-23
DataSpark Pte Ltd,Data Engineering (Internships),Glassdoor,Not Listed,Not Listed,Not Listed,"https://www.glassdoor.sg/job-listing/data-engineering-internships-dataspark-JV_KO0,28_KE29,38.htm?jl=1007520508958",2023-04-23
Keppel Corporation Ltd,"[Keppel Internship Programme 2023] Intern, Data Engineering (May - Aug 2023)",Glassdoor,Not Listed,Not Listed,Not Listed,"https://www.glassdoor.sg/job-listing/-keppel-internship-programme-2023-intern-data-engineering-may-aug-2023-keppel-corporation-JV_IC3235921_KO0,70_KE71,89.htm?jl=1008360755157",2023-04-22
GSK,Applied Data (Quality) Intern,GSK Careers Job Search - Jobs,Not Listed,Not Listed,Not Listed,https://jobs.gsk.com/en-gb/jobs/359011?lang=en-us&previousLocale=en-US,2023-03-31
Singtel,Data Analyst Intern #GeneralInternship,LinkedIn,Not Listed,Not Listed,Not Listed,https://sg.linkedin.com/jobs/view/data-analyst-intern-%23generalinternship-at-singtel-3439497244,2023-05-22
Infineon Technologies,Internship – Data Automation Engineer,Glassdoor,Not Listed,Not Listed,Not Listed,"https://www.glassdoor.sg/job-listing/internship-%E2%80%93-data-automation-engineer-infineon-technologies-JV_KO0,37_KE38,59.htm?jl=1008482392947",2023-04-23
Seagate,Data Science Intern,BeBee Singapore,Not Listed,Not Listed,Not Listed,https://sg.bebee.com/job/20230323-79dcb84d7d0258b52a73c4e717e0b0dc,2023-03-31
DECATHLON SINGAPORE PTE. LTD.,Data scientist / Data analyst intern,FastJobs,Not Listed,Not Listed,1000,https://www.fastjobs.sg/singapore-job-ad/1716697/data-scientist-data-analyst/decathlon-singapore-pte-ltd,2023-03-29
Kpler,Data Scientist - Internship,NodeFlair,Not Listed,Not Listed,Not Listed,https://nodeflair.com/jobs/kpler-data-scientist-internship-141175,2023-05-23
PwC Singapore,"Mid-year Digital | Cloud, Digital, Data (Data) Internship",LinkedIn,Not Listed,Not Listed,Not Listed,https://sg.linkedin.com/jobs/view/mid-year-digital-cloud-digital-data-data-internship-at-pwc-singapore-3508368719,2023-05-01
"Skyworks Solutions, Inc.",Data Scientist Intern (min. 5 months),JobLeads,Not Listed,Not Listed,Not Listed,https://www.jobleads.com/en-sg/job/e1df831b175b1903c970c29f5f556009b,2023-04-23
PwC,"Mid-year Digital | Cloud, Digital, Data (Cloud) Internship",NodeFlair,Not Listed,Not Listed,Not Listed,https://nodeflair.com/jobs/pwc-mid-year-digital-cloud-digital-data-cloud-internship-140907,2023-05-22
Coda Payments,Data Science - Intern,Glassdoor,Not Listed,Not Listed,Not Listed,"https://www.glassdoor.sg/job-listing/data-science-intern-coda-payments-JV_IC3235921_KO0,19_KE20,33.htm?jl=1008546861116",2023-04-23
Rohde & Schwarz,"Intern, RF Machine Learning",NodeFlair,Not Listed,Not Listed,Not Listed,https://nodeflair.com/jobs/rohde-schwarz-intern-rf-machine-learning-140764,2023-05-21
TikTok,Machine Learning Engineer Intern (Trust & Safety) ...,DataYoshi,Not Listed,Not Listed,Not Listed,https://www.datayoshi.com/offer/363899/machine-learning-engineer-inte,2023-04-20
Moloco,"Data Scientist, Growth Analytics Intern - Singapore",LinkedIn,Not Listed,Not Listed,Not Listed,https://sg.linkedin.com/jobs/view/data-scientist-growth-analytics-intern-singapore-at-moloco-3500604480,2023-05-22
NTT Data Singapore,IT Intern - ntt data singapore,Kinobi,Not Listed,Not Listed,Not Listed,https://app.kinobi.asia/jobs/it-intern-sg-1679337018907,2023-04-02
CapitaLand,"Intern, Data Analytics",BeBee Singapore,Not Listed,Not Listed,Not Listed,https://sg.bebee.com/job/20230318-644b2f79bb226977f8b5607f5d1b34a5,2023-03-26
Thales,Machine Learning Internship,Glassdoor,Not Listed,Not Listed,Not Listed,"https://www.glassdoor.sg/job-listing/machine-learning-internship-thales-JV_IC3235921_KO0,27_KE28,34.htm?jl=1008542404945",2023-04-23
Rohde & Schwarz,"Intern, Python Test Engineer",NodeFlair,Not Listed,Not Listed,Not Listed,https://nodeflair.com/jobs/rohde-schwarz-intern-python-test-engineer-140682,2023-05-21
GSK,Data & Analytics Intern,BeBee Singapore,Not Listed,Not Listed,Not Listed,https://sg.bebee.com/job/20230319-1a3846bc8154c37b1dfee5672cf9bf1d,2023-03-27
Continental AG,System Test Engineer Intern,Trabajo.org,Not Listed,Not Listed,Not Listed,https://sg.trabajo.org/job-1834-20230321-924fee3930fca34be9b46c2f05e2e8f6,2023-03-28
MCI - Cyber Security Agency of Singapore,"Intern, Data Analytics",BeBee Singapore,Not Listed,Not Listed,Not Listed,https://sg.bebee.com/job/20230319-c3dcbeeb1fd886e7117131bbe529a69f,2023-03-27
Tinvio,Data Analyst (Intern) - tinvio,Kinobi,Not Listed,Not Listed,Not Listed,https://app.kinobi.asia/jobs/data-analyst-intern-sg-1679337026591,2023-04-02
mercer,"Intern, Business Intelligence Data Analytics",BeBee Singapore,Not Listed,Not Listed,Not Listed,https://sg.bebee.com/job/20230318-cc85eca769209a6e6faa79d6e4470eb7,2023-03-26
BioQuest Advisory Pte Ltd,Data Science Intern,BeBee Singapore,Not Listed,Not Listed,Not Listed,https://sg.bebee.com/job/20230320-a910e7df9f3be61448d9a0e74c07530d,2023-03-28
Marvell Technology,"Intern, Test Engineer",NodeFlair,Not Listed,Not Listed,Not Listed,https://nodeflair.com/jobs/marvell-technology-intern-test-engineer-140686,2023-05-21
Seagate Technology,Sputter Equipment Engineering Intern - RMO,Glassdoor,Not Listed,Not Listed,Not Listed,"https://www.glassdoor.sg/job-listing/sputter-equipment-engineering-intern-rmo-seagate-technology-JV_IC3235921_KO0,40_KE41,59.htm?jl=1008538698815",2023-04-23
Thales,Software Engineer Intern (Biometrics),Glassdoor,Not Listed,Not Listed,Not Listed,"https://www.glassdoor.sg/job-listing/software-engineer-intern-biometrics-thales-JV_KO0,35_KE36,42.htm?jl=1008486850680",2023-04-23
FreelanceZone,Data Science Intern,BeBee Singapore,Not Listed,Not Listed,Not Listed,https://sg.bebee.com/job/20230324-6ba11b7c44fdb0fa52c0f0ad6c3bd133,2023-04-01
Infineon Technologies,Internship - Supply Chain Data Scientist,LinkedIn,Not Listed,Not Listed,Not Listed,https://sg.linkedin.com/jobs/view/internship-supply-chain-data-scientist-at-infineon-technologies-3538029665,2023-04-23
Sembcorp Industries,Data Science Intern (Analytics),Indeed,Not Listed,Not Listed,Not Listed,https://sg.indeed.com/viewjob?jk=e4409e495a9c1e5b,2023-04-23
Seagate Technology,Data Science Intern - SRG,Glassdoor,Not Listed,Not Listed,Not Listed,"https://www.glassdoor.sg/job-listing/data-science-intern-srg-seagate-technology-JV_IC3235921_KO0,23_KE24,42.htm?jl=1008538698830",2023-04-23
BIOQUEST ADVISORY PTE. LTD.,Data Science Intern to Perm,BeBee Singapore,Not Listed,Not Listed,Not Listed,https://sg.bebee.com/job/20230323-86a9f6167aacae441c7c81028cad96b9,2023-03-31
HP,College Intern - Data Science,Glassdoor,Not Listed,Not Listed,Not Listed,"https://www.glassdoor.sg/job-listing/college-intern-data-science-hp-inc-JV_IC3234748_KO0,27_KE28,34.htm?jl=1008488989862",2023-04-23
Societe Generale,"6 months’ contract: Intern, Data Analytics",LinkedIn,Not Listed,Not Listed,Not Listed,https://sg.linkedin.com/jobs/view/6-months%E2%80%99-contract-intern-data-analytics-at-soci%C3%A9t%C3%A9-g%C3%A9n%C3%A9rale-3474877017,2023-05-09
Agilent,Data Analyst Intern,BeBee Singapore,Not Listed,Not Listed,Not Listed,https://sg.bebee.com/job/20230323-604e456a5a87ba37bdd2f3e33fe2ab55,2023-03-31
Micron,Intern - Data Science,Glassdoor,Not Listed,Not Listed,Not Listed,"https://www.glassdoor.sg/job-listing/intern-data-science-micron-technology-JV_IC3235921_KO0,19_KE20,37.htm?jl=1008360779274",2023-04-20
Evonik (SEA) Pte Ltd,Data Science Intern – Digital Labs Apac,BeBee Singapore,Not Listed,Not Listed,Not Listed,https://sg.bebee.com/job/20230324-cc412a703f53a206f2792b69acba6457,2023-04-01
SHOPEE SINGAPORE PRIVATE LIMITED,Data Analytics Intern,BeBee Singapore,Not Listed,Not Listed,Not Listed,https://sg.bebee.com/job/20230322-ce1eb251a78d0c673bdb7dba92f19492,2023-03-30
ShopBack,Data Analyst (Internship),LinkedIn,Not Listed,Not Listed,Not Listed,https://sg.linkedin.com/jobs/view/data-analyst-internship-at-shopback-3356835409,2023-06-12
Snowflake,Strategy & Analytics Intern,BeBee Singapore,Not Listed,Not Listed,Not Listed,https://sg.bebee.com/job/20230318-85734882244a270d825d94de2fd0b9a6,2023-03-26
Analytix-Online Pte Ltd,Data Story Teller Intern,BeBee Singapore,Not Listed,Not Listed,Not Listed,https://sg.bebee.com/job/20230319-87d717fefe2844febee26cb8239a08ce,2023-03-27
Shopee,"Data Analytics Intern - Business Development, Shopee Xpress SG (Summer 2023)",Glassdoor,Not Listed,Not Listed,Not Listed,"https://www.glassdoor.sg/job-listing/data-analytics-intern-business-development-shopee-xpress-sg-shopee-JV_IC3235921_KO0,59_KE60,66.htm?jl=1008489110287",2023-04-23
PwC Singapore,"Year-end Tax - Knowledge, Analytics and Solutions Internship",LinkedIn,Not Listed,Not Listed,Not Listed,https://sg.linkedin.com/jobs/view/year-end-tax-knowledge-analytics-and-solutions-internship-at-pwc-singapore-3286650253,2023-06-23
REBEL SEARCH,Data Management Intern. Social Media analytics. 3K,BeBee Singapore,Not Listed,Not Listed,Not Listed,https://sg.bebee.com/job/20230320-4961619b23079c101979d939f15b35d8,2023-03-28
Shopee,"Data Analytics Intern - Seller Revenue Paid Ads, Business Development",Glassdoor,Not Listed,Not Listed,Not Listed,"https://www.glassdoor.sg/job-listing/data-analytics-intern-seller-revenue-paid-ads-business-development-shopee-JV_IC3235921_KO0,66_KE67,73.htm?jl=1008489112948",2023-04-23
GRABTAXI PTE. LTD.,"Intern, People Analytics",BeBee Singapore,Not Listed,Not Listed,Not Listed,https://sg.bebee.com/job/20230320-979313edab7014030aea58dc82ad97b0,2023-03-28
Schneider Electric,SERE Analytics Intern,Glassdoor,Not Listed,Not Listed,Not Listed,"https://www.glassdoor.sg/job-listing/sere-analytics-intern-schneider-electric-JV_IC3235921_KO0,21_KE22,40.htm?jl=1008483034522",2023-04-23
99,Real Estate Research Intern,BeBee Singapore,Not Listed,Not Listed,Not Listed,https://sg.bebee.com/job/20230319-8f18d7c6a2f5d0ae8d28da3853306524,2023-03-27
Bosch Group,Intern for AI Machine Learning,BeBee Singapore,Not Listed,Not Listed,Not Listed,https://sg.bebee.com/job/20230321-06b94110bb750523d0b2a481dbbb100a,2023-03-29
Mediatek Singapore Pte Ltd,[2023 Internship] CAD Machine Learning Engineer,BeBee Singapore,Not Listed,Not Listed,Not Listed,https://sg.bebee.com/job/20230322-97208180bdc5ba9a065d64eceedeaffe,2023-03-30
Siemens,Intern for Generative AI Development,Indeed,Not Listed,Not Listed,Not Listed,https://sg.indeed.com/viewjob?jk=bd87aab4c9e7c849,2023-04-22
Infineon Technologies,Internship - Machine Learning (Risk Assessment),BeBee Singapore,Not Listed,Not Listed,Not Listed,https://sg.bebee.com/job/20230319-67d90b1d7a57bde9f7670c5c77c93aca,2023-03-27
Tencent,Research Intern (Data Mining),Indeed,Not Listed,Not Listed,Not Listed,https://sg.indeed.com/viewjob?jk=9b3db69480d7ad65,2023-04-23
Tencent,Research Intern,BeBee Singapore,Not Listed,Not Listed,Not Listed,https://sg.bebee.com/job/20230324-2b7da0e4d67c1791f19278e82f940a49,2023-04-01
Hudson River Trading,Algorithm Development Internship - Summer 2023,LinkedIn,Not Listed,Not Listed,Not Listed,https://sg.linkedin.com/jobs/view/algorithm-development-internship-summer-2023-at-hudson-river-trading-3289718897,2023-06-23
Black Sesame Technologies (Singapore) Pte Ltd,Computer Vision Algorithm Deployment Intern,Trabajo.org,Not Listed,Not Listed,Not Listed,https://sg.trabajo.org/job-1365-20230319-870a8961a1a4d0af6cec57c34ff8804b,2023-04-18
Hypotenuse AI,Operations Intern - hypotenuse ai,Kinobi,Not Listed,Not Listed,Not Listed,https://app.kinobi.asia/jobs/operations-intern-sg-1679337026589,2023-05-31
Sea,Research Intern,BeBee Singapore,Not Listed,Not Listed,Not Listed,https://sg.bebee.com/job/20230323-7d51333523a77b062c70e5c017a9541f,2023-03-31
Nested Technologies,Front End Development Internship,BeBee Singapore,Not Listed,Not Listed,Not Listed,https://sg.bebee.com/job/20230319-49c4f93dcefe73a91de4bd5f1d63571d,2023-03-27
TikTok,Research Intern (Computer Vision) - 2023,Glassdoor,Not Listed,Not Listed,Not Listed,"https://www.glassdoor.sg/job-listing/research-intern-computer-vision-2023-tiktok-JV_KO0,36_KE37,43.htm?jl=1008082056894",2023-04-23
